{
  "default": {
    "precision": 0.4784688995215311,
    "recall": 1.0,
    "f1": 0.6472491909385113,
    "accuracy": 0.9358823529411765,
    "specificity": 0.931875,
    "confusion_matrix": [
      [
        1491,
        109
      ],
      [
        0,
        100
      ]
    ],
    "roc_auc": 0.99969375
  },
  "tuned_05": {
    "precision": 0.5847953216374269,
    "recall": 1.0,
    "f1": 0.7380073800738007,
    "accuracy": 0.9582352941176471,
    "specificity": 0.955625,
    "confusion_matrix": [
      [
        1529,
        71
      ],
      [
        0,
        100
      ]
    ],
    "roc_auc": 0.99969375
  },
  "production": {
    "precision": 0.9333333333333333,
    "recall": 0.98,
    "f1": 0.9560975609756097,
    "zones": {
      "normal_in_allowed": 1162,
      "normal_in_mfa": 431,
      "normal_in_blocked": 7,
      "anomaly_in_allowed": 0,
      "anomaly_in_mfa": 2,
      "anomaly_in_blocked": 98
    }
  }
}