{
  "fpr": [
    0.0,
    0.0,
    0.0,
    0.0,
    0.0,
    0.0,
    0.0,
    0.0,
    0.0,
    0.0,
    0.0,
    0.0,
    0.0,
    0.0,
    0.0,
    0.0,
    0.0,
    0.0,
    0.0,
    0.0,
    0.0,
    0.00125,
    0.00125,
    0.00125,
    0.001875,
    0.001875,
    0.004375,
    0.004375,
    0.00625,
    0.00625,
    1.0
  ],
  "tpr": [
    0.0,
    0.01,
    0.02,
    0.06,
    0.07,
    0.09,
    0.14,
    0.17,
    0.22,
    0.23,
    0.29,
    0.32,
    0.34,
    0.36,
    0.38,
    0.67,
    0.75,
    0.77,
    0.79,
    0.83,
    0.88,
    0.88,
    0.92,
    0.93,
    0.93,
    0.97,
    0.97,
    0.98,
    0.98,
    1.0,
    1.0
  ],
  "auc": 0.99969375,
  "thresholds": [
    null,
    0.1575931402045212,
    0.15722897391748247,
    0.147029601407901,
    0.14622826770642183,
    0.1457497148129221,
    0.14559328866232468,
    0.14527148559225256,
    0.14511516524165247,
    0.14463736520333326,
    0.1441598883286449,
    0.1439787129294937,
    0.14341947262319432,
    0.14302497279265425,
    0.13811175059688896,
    0.1322316812429718,
    0.1317625950454514,
    0.12840868641177083,
    0.12317883349939818,
    0.11976970252673269,
    0.1105241449804204,
    0.0959532751561466,
    0.09224557633424668,
    0.08812710450712102,
    0.0869920983153506,
    0.08135395505369714,
    0.0726938749704038,
    0.07117337793688583,
    0.06700064667271133,
    0.06594912401780517,
    -0.13190346037237416
  ]
}