{
  "fpr": [
    0.0,
    0.0,
    0.0,
    0.0,
    0.0,
    0.0,
    0.0,
    0.0,
    0.0,
    0.0,
    0.0,
    0.0,
    0.0,
    0.0,
    0.0,
    0.0,
    0.0,
    0.0,
    0.0,
    0.0,
    0.0,
    0.0,
    0.0,
    1.0
  ],
  "tpr": [
    0.0,
    0.04,
    0.12,
    0.13,
    0.19,
    0.27,
    0.29,
    0.33,
    0.35,
    0.36,
    0.39,
    0.49,
    0.53,
    0.55,
    0.59,
    0.63,
    0.67,
    0.69,
    0.78,
    0.8,
    0.97,
    0.99,
    1.0,
    1.0
  ],
  "auc": 1.0,
  "thresholds": [
    null,
    0.21508305358084778,
    0.21457222258522557,
    0.2130418016899751,
    0.21057334115656035,
    0.21006556033867863,
    0.20831908827302092,
    0.20525668087559712,
    0.2045025874455182,
    0.2034955784733763,
    0.20324198658868853,
    0.2027391643873232,
    0.2007610941194069,
    0.20073127415801295,
    0.19880297731137841,
    0.1983031574671511,
    0.19730453172072349,
    0.19648454131547122,
    0.18739224571917767,
    0.18705567058111594,
    0.16316563253962746,
    0.16110601883450748,
    0.13330277540090363,
    -0.16042715446893202
  ]
}